test,cost,costNorm,pred,testSeq,trainSeq
eat,0.5807368932807804,0.001444619137514379,eat,"[[-21.738783  -20.03908   -20.4265    ... -21.246378  -21.209509
  -21.355253 ]
 [-20.551283  -20.130878  -20.26234   ... -20.0954    -19.831238
  -20.266014 ]
 [-21.085075  -20.652208  -19.800814  ... -20.042603  -20.128065
  -20.407272 ]
 ...
 [ -5.5471244  -5.253982   -8.498901  ... -18.529676  -20.434547
  -20.247314 ]
 [ -4.5500226  -4.410654   -7.488327  ... -18.826496  -19.871832
  -19.769806 ]
 [ -6.0030675  -6.1066575  -7.822896  ... -18.220566  -19.135586
  -18.918537 ]]","[[-21.738783  -20.03908   -20.4265    ... -21.246378  -21.209509
  -21.355253 ]
 [-20.551283  -20.130878  -20.26234   ... -20.0954    -19.831238
  -20.266014 ]
 [-21.085075  -20.652208  -19.800814  ... -20.042603  -20.128065
  -20.407272 ]
 ...
 [ -8.374321   -7.938374   -7.329133  ... -18.413038  -20.109789
  -20.258106 ]
 [ -6.8943577  -7.7427034  -7.567316  ... -18.592655  -19.891827
  -19.8917   ]
 [ -6.655224   -6.530483   -7.375362  ... -16.732805  -16.681305
  -16.874607 ]]"
eat,0.5455326911823953,0.0013570464954785954,eat,"[[-21.738783  -20.03908   -20.4265    ... -21.246378  -21.209509
  -21.355253 ]
 [-20.551283  -20.130878  -20.26234   ... -20.0954    -19.831238
  -20.266014 ]
 [-21.085075  -20.652208  -19.800814  ... -20.042603  -20.128065
  -20.407272 ]
 ...
 [ -7.8110166  -7.0537586  -6.779178  ... -19.098055  -20.307283
  -20.087498 ]
 [ -7.683228   -6.8713465  -7.046738  ... -18.694906  -19.844559
  -19.792105 ]
 [ -7.267563   -7.0240526  -7.763219  ... -16.352903  -16.588945
  -16.731928 ]]","[[-21.738783  -20.03908   -20.4265    ... -21.246378  -21.209509
  -21.355253 ]
 [-20.551283  -20.130878  -20.26234   ... -20.0954    -19.831238
  -20.266014 ]
 [-21.085075  -20.652208  -19.800814  ... -20.042603  -20.128065
  -20.407272 ]
 ...
 [ -8.377334   -6.730904   -7.9720025 ... -18.948849  -20.146612
  -20.081676 ]
 [ -7.9095864  -6.9564233  -6.711377  ... -18.10535   -19.894548
  -19.791494 ]
 [ -8.30524    -7.4388657  -7.7875347 ... -17.885603  -18.789814
  -19.295012 ]]"
eat,0.5507033352495585,0.0013699087941531306,eat,"[[-21.738783  -20.03908   -20.4265    ... -21.246378  -21.209509
  -21.355253 ]
 [-20.551283  -20.130878  -20.26234   ... -20.0954    -19.831238
  -20.266014 ]
 [-21.085075  -20.652208  -19.800814  ... -20.042603  -20.128065
  -20.407272 ]
 ...
 [ -6.536114   -5.66639    -7.1031365 ... -18.496403  -20.026918
  -20.121582 ]
 [ -4.5381784  -4.829237   -7.3102345 ... -17.93317   -19.927881
  -20.008516 ]
 [ -5.8322234  -5.634191   -6.803731  ... -18.27541   -20.135357
  -19.843073 ]]","[[-21.738783  -20.03908   -20.4265    ... -21.246378  -21.209509
  -21.355253 ]
 [-20.551283  -20.130878  -20.26234   ... -20.0954    -19.831238
  -20.266014 ]
 [-21.085075  -20.652208  -19.800814  ... -20.042603  -20.128065
  -20.407272 ]
 ...
 [ -8.374321   -7.938374   -7.329133  ... -18.413038  -20.109789
  -20.258106 ]
 [ -6.8943577  -7.7427034  -7.567316  ... -18.592655  -19.891827
  -19.8917   ]
 [ -6.655224   -6.530483   -7.375362  ... -16.732805  -16.681305
  -16.874607 ]]"
eat,0.59800795454237,0.0014875819764735572,eat,"[[-21.738783  -20.03908   -20.4265    ... -21.246378  -21.209509
  -21.355253 ]
 [-20.551283  -20.130878  -20.26234   ... -20.0954    -19.831238
  -20.266014 ]
 [-21.085075  -20.652208  -19.800814  ... -20.042603  -20.128065
  -20.407272 ]
 ...
 [ -5.869909   -4.966016   -5.5870695 ... -18.520884  -20.207062
  -19.76784  ]
 [ -5.0750675  -5.3234615  -6.5657525 ... -18.270117  -20.1491
  -19.77672  ]
 [ -6.186541   -6.53443    -8.1881895 ... -18.764465  -19.230219
  -18.95229  ]]","[[-21.738783  -20.03908   -20.4265    ... -21.246378  -21.209509
  -21.355253 ]
 [-20.551283  -20.130878  -20.26234   ... -20.0954    -19.831238
  -20.266014 ]
 [-21.085075  -20.652208  -19.800814  ... -20.042603  -20.128065
  -20.407272 ]
 ...
 [ -6.1023746  -6.703205   -7.953711  ... -18.738806  -20.393017
  -19.972567 ]
 [ -7.471565   -6.527517   -7.3040814 ... -19.004967  -19.995283
  -19.934826 ]
 [ -8.094264   -8.214536   -8.658851  ... -19.074387  -20.177456
  -20.076008 ]]"
eat,0.5483302377132349,0.001364005566450833,eat,"[[-21.738783  -20.03908   -20.4265    ... -21.246378  -21.209509
  -21.355253 ]
 [-20.551283  -20.130878  -20.26234   ... -20.0954    -19.831238
  -20.266014 ]
 [-21.085075  -20.652208  -19.800814  ... -20.042603  -20.128065
  -20.407272 ]
 ...
 [ -5.339214   -6.037258   -8.183044  ... -18.326393  -20.188906
  -19.940998 ]
 [ -4.9976873  -4.749689   -6.378291  ... -18.270864  -20.053526
  -19.855095 ]
 [ -6.550641   -6.064239   -7.3175945 ... -17.398945  -18.503748
  -18.370947 ]]","[[-21.738783  -20.03908   -20.4265    ... -21.246378  -21.209509
  -21.355253 ]
 [-20.551283  -20.130878  -20.26234   ... -20.0954    -19.831238
  -20.266014 ]
 [-21.085075  -20.652208  -19.800814  ... -20.042603  -20.128065
  -20.407272 ]
 ...
 [ -6.1023746  -6.703205   -7.953711  ... -18.738806  -20.393017
  -19.972567 ]
 [ -7.471565   -6.527517   -7.3040814 ... -19.004967  -19.995283
  -19.934826 ]
 [ -8.094264   -8.214536   -8.658851  ... -19.074387  -20.177456
  -20.076008 ]]"
eat,0.5490427324700078,0.001365777941467681,eat,"[[-21.738783  -20.03908   -20.4265    ... -21.246378  -21.209509
  -21.355253 ]
 [-20.551283  -20.130878  -20.26234   ... -20.0954    -19.831238
  -20.266014 ]
 [-21.085075  -20.652208  -19.800814  ... -20.042603  -20.128065
  -20.407272 ]
 ...
 [ -5.9067006  -5.3385925  -6.155791  ... -18.560322  -20.246923
  -20.15467  ]
 [ -6.2542996  -6.373692   -7.8040752 ... -18.78015   -20.007631
  -19.92642  ]
 [ -9.409556  -10.895908   -8.943931  ... -18.773905  -19.356155
  -19.980858 ]]","[[-21.738783  -20.03908   -20.4265    ... -21.246378  -21.209509
  -21.355253 ]
 [-20.551283  -20.130878  -20.26234   ... -20.0954    -19.831238
  -20.266014 ]
 [-21.085075  -20.652208  -19.800814  ... -20.042603  -20.128065
  -20.407272 ]
 ...
 [ -8.377334   -6.730904   -7.9720025 ... -18.948849  -20.146612
  -20.081676 ]
 [ -7.9095864  -6.9564233  -6.711377  ... -18.10535   -19.894548
  -19.791494 ]
 [ -8.30524    -7.4388657  -7.7875347 ... -17.885603  -18.789814
  -19.295012 ]]"
eat,0.4482639975286362,0.0011150845709667569,eat,"[[-21.738783  -20.03908   -20.4265    ... -21.246378  -21.209509
  -21.355253 ]
 [-20.551283  -20.130878  -20.26234   ... -20.0954    -19.831238
  -20.266014 ]
 [-21.085075  -20.652208  -19.800814  ... -20.042603  -20.128065
  -20.407272 ]
 ...
 [ -8.617748   -6.892748   -7.3349514 ... -18.313564  -20.431063
  -20.26997  ]
 [ -7.9797425  -7.1824436  -8.223982  ... -18.32299   -20.037968
  -20.008244 ]
 [ -9.562268   -8.623649   -7.9785795 ... -17.644234  -18.23326
  -18.076841 ]]","[[-21.738783  -20.03908   -20.4265    ... -21.246378  -21.209509
  -21.355253 ]
 [-20.551283  -20.130878  -20.26234   ... -20.0954    -19.831238
  -20.266014 ]
 [-21.085075  -20.652208  -19.800814  ... -20.042603  -20.128065
  -20.407272 ]
 ...
 [ -7.7324247  -7.750739   -8.441706  ... -18.103771  -20.764717
  -20.174746 ]
 [ -6.7491565  -7.6859975  -7.8423176 ... -18.238361  -19.936718
  -19.919235 ]
 [ -8.544779   -8.739102   -7.8867545 ... -19.106813  -20.20784
  -20.641571 ]]"
eat,0.5606288202949677,0.0013945990554601188,eat,"[[-21.738783  -20.03908   -20.4265    ... -21.246378  -21.209509
  -21.355253 ]
 [-20.551283  -20.130878  -20.26234   ... -20.0954    -19.831238
  -20.266014 ]
 [-21.085075  -20.652208  -19.800814  ... -20.042603  -20.128065
  -20.407272 ]
 ...
 [ -5.5605354  -4.794837   -7.0640435 ... -17.872858  -20.409464
  -20.149263 ]
 [ -5.565281   -5.4123893  -7.443164  ... -17.968298  -20.14827
  -19.926485 ]
 [ -5.545231   -5.599765   -6.6714277 ... -17.183432  -17.65284
  -18.002499 ]]","[[-21.738783  -20.03908   -20.4265    ... -21.246378  -21.209509
  -21.355253 ]
 [-20.551283  -20.130878  -20.26234   ... -20.0954    -19.831238
  -20.266014 ]
 [-21.085075  -20.652208  -19.800814  ... -20.042603  -20.128065
  -20.407272 ]
 ...
 [ -8.377334   -6.730904   -7.9720025 ... -18.948849  -20.146612
  -20.081676 ]
 [ -7.9095864  -6.9564233  -6.711377  ... -18.10535   -19.894548
  -19.791494 ]
 [ -8.30524    -7.4388657  -7.7875347 ... -17.885603  -18.789814
  -19.295012 ]]"
eat,0.5201045392332689,0.0012937923861524104,eat,"[[-21.738783  -20.03908   -20.4265    ... -21.246378  -21.209509
  -21.355253 ]
 [-20.551283  -20.130878  -20.26234   ... -20.0954    -19.831238
  -20.266014 ]
 [-21.085075  -20.652208  -19.800814  ... -20.042603  -20.128065
  -20.407272 ]
 ...
 [ -6.6111555  -6.8337984  -6.082395  ... -17.918884  -20.491682
  -20.124807 ]
 [ -7.296178   -7.187874   -8.332853  ... -18.323982  -20.029514
  -20.05405  ]
 [ -9.0625105  -7.521526   -7.3847113 ... -18.825455  -19.510609
  -19.337515 ]]","[[-21.738783  -20.03908   -20.4265    ... -21.246378  -21.209509
  -21.355253 ]
 [-20.551283  -20.130878  -20.26234   ... -20.0954    -19.831238
  -20.266014 ]
 [-21.085075  -20.652208  -19.800814  ... -20.042603  -20.128065
  -20.407272 ]
 ...
 [ -8.374321   -7.938374   -7.329133  ... -18.413038  -20.109789
  -20.258106 ]
 [ -6.8943577  -7.7427034  -7.567316  ... -18.592655  -19.891827
  -19.8917   ]
 [ -6.655224   -6.530483   -7.375362  ... -16.732805  -16.681305
  -16.874607 ]]"
eat,0.5292554541233231,0.0013165558560281668,eat,"[[-21.738783  -20.03908   -20.4265    ... -21.246378  -21.209509
  -21.355253 ]
 [-20.551283  -20.130878  -20.26234   ... -20.0954    -19.831238
  -20.266014 ]
 [-21.085075  -20.652208  -19.800814  ... -20.042603  -20.128065
  -20.407272 ]
 ...
 [ -5.7671843  -5.011668   -5.957154  ... -18.471922  -20.35027
  -20.123339 ]
 [ -6.521342   -5.4580655  -6.220498  ... -18.460417  -20.152355
  -20.003466 ]
 [ -7.9141707  -7.963765   -7.45534   ... -17.814808  -18.272612
  -18.099962 ]]","[[-21.738783  -20.03908   -20.4265    ... -21.246378  -21.209509
  -21.355253 ]
 [-20.551283  -20.130878  -20.26234   ... -20.0954    -19.831238
  -20.266014 ]
 [-21.085075  -20.652208  -19.800814  ... -20.042603  -20.128065
  -20.407272 ]
 ...
 [ -6.579177   -5.723433   -7.23486   ... -18.559847  -20.323969
  -20.08576  ]
 [ -5.8428473  -5.0461264  -6.7693043 ... -18.272501  -20.125381
  -19.698    ]
 [ -6.4751678  -6.4093313  -7.623974  ... -17.193392  -17.309875
  -17.200481 ]]"
fetch,0.6395989070091611,0.0015910420572367192,fetch,"[[-21.738783  -20.03908   -20.4265    ... -21.246378  -21.209509
  -21.355253 ]
 [-20.551283  -20.130878  -20.26234   ... -20.0954    -19.831238
  -20.266014 ]
 [-21.085075  -20.652208  -19.800814  ... -20.042603  -20.128065
  -20.407272 ]
 ...
 [ -6.0987587  -5.6433024  -5.688221  ... -18.583494  -19.957241
  -19.734293 ]
 [ -6.4123063  -6.83777    -7.9247556 ... -17.889292  -20.127968
  -19.950184 ]
 [ -7.5088387  -7.4091744  -7.419939  ... -18.693611  -20.423632
  -20.995428 ]]","[[-21.738783  -20.03908   -20.4265    ... -21.246378  -21.209509
  -21.355253 ]
 [-20.551283  -20.130878  -20.26234   ... -20.0954    -19.831238
  -20.266014 ]
 [-21.085075  -20.652208  -19.800814  ... -20.042603  -20.128065
  -20.407272 ]
 ...
 [ -6.7919965  -6.36176    -6.518274  ... -18.469292  -20.347904
  -20.354473 ]
 [ -8.574375   -6.7807546  -6.0648637 ... -18.012129  -20.23648
  -19.959608 ]
 [ -9.249342   -7.9685025  -7.2248535 ... -17.94113   -18.413324
  -18.217737 ]]"
fetch,0.7554460561165051,0.001879219045065933,fetch,"[[-21.738783  -20.03908   -20.4265    ... -21.246378  -21.209509
  -21.355253 ]
 [-20.551283  -20.130878  -20.26234   ... -20.0954    -19.831238
  -20.266014 ]
 [-21.085075  -20.652208  -19.800814  ... -20.042603  -20.128065
  -20.407272 ]
 ...
 [ -6.154684   -6.706561   -7.713513  ... -18.84291   -20.237888
  -19.90701  ]
 [ -6.3811455  -5.63435    -6.819816  ... -18.425894  -19.64386
  -19.535522 ]
 [ -6.2914376  -6.3650503  -6.3308215 ... -15.607775  -15.685968
  -15.808227 ]]","[[-21.738783  -20.03908   -20.4265    ... -21.246378  -21.209509
  -21.355253 ]
 [-20.551283  -20.130878  -20.26234   ... -20.0954    -19.831238
  -20.266014 ]
 [-21.085075  -20.652208  -19.800814  ... -20.042603  -20.128065
  -20.407272 ]
 ...
 [ -6.4405212  -5.737115   -5.3041654 ... -18.275934  -20.431717
  -20.36033  ]
 [ -8.110381   -5.974769   -5.419855  ... -18.085402  -20.144003
  -20.033272 ]
 [ -7.4394417  -6.748174   -7.757829  ... -17.840023  -18.448816
  -18.82278  ]]"
fetch,0.657320623519732,0.0016351259291535621,fetch,"[[-21.738783  -20.03908   -20.4265    ... -21.246378  -21.209509
  -21.355253 ]
 [-20.551283  -20.130878  -20.26234   ... -20.0954    -19.831238
  -20.266014 ]
 [-21.085075  -20.652208  -19.800814  ... -20.042603  -20.128065
  -20.407272 ]
 ...
 [ -6.65908    -6.262737   -6.8599744 ... -18.425303  -20.209822
  -20.016315 ]
 [ -7.2571726  -5.6506324  -7.117061  ... -18.422384  -19.924397
  -19.801678 ]
 [ -6.7758827  -6.764403   -8.827795  ... -16.62005   -16.775743
  -16.71164  ]]","[[-21.738783  -20.03908   -20.4265    ... -21.246378  -21.209509
  -21.355253 ]
 [-20.551283  -20.130878  -20.26234   ... -20.0954    -19.831238
  -20.266014 ]
 [-21.085075  -20.652208  -19.800814  ... -20.042603  -20.128065
  -20.407272 ]
 ...
 [ -7.9142146  -7.338594   -7.967813  ... -18.513563  -20.187414
  -19.878513 ]
 [ -7.2904296  -7.1957283  -8.663086  ... -18.93474   -20.096298
  -19.860523 ]
 [ -9.518088   -9.542202   -8.563713  ... -16.575346  -16.732592
  -16.67583  ]]"
fetch,0.7467188995257906,0.001857509700312912,fetch,"[[-21.738783  -20.03908   -20.4265    ... -21.246378  -21.209509
  -21.355253 ]
 [-20.551283  -20.130878  -20.26234   ... -20.0954    -19.831238
  -20.266014 ]
 [-21.085075  -20.652208  -19.800814  ... -20.042603  -20.128065
  -20.407272 ]
 ...
 [ -5.7844     -6.240393   -7.2258162 ... -18.503742  -20.744736
  -20.106552 ]
 [ -4.971605   -5.5664587  -6.430129  ... -18.296022  -19.563198
  -19.57144  ]
 [ -5.8323526  -6.4117665  -7.208604  ... -15.650958  -15.773717
  -15.77704  ]]","[[-21.738783  -20.03908   -20.4265    ... -21.246378  -21.209509
  -21.355253 ]
 [-20.551283  -20.130878  -20.26234   ... -20.0954    -19.831238
  -20.266014 ]
 [-21.085075  -20.652208  -19.800814  ... -20.042603  -20.128065
  -20.407272 ]
 ...
 [ -7.9142146  -7.338594   -7.967813  ... -18.513563  -20.187414
  -19.878513 ]
 [ -7.2904296  -7.1957283  -8.663086  ... -18.93474   -20.096298
  -19.860523 ]
 [ -9.518088   -9.542202   -8.563713  ... -16.575346  -16.732592
  -16.67583  ]]"
fetch,0.5924218475990726,0.0014736861880573944,fetch,"[[-21.738783  -20.03908   -20.4265    ... -21.246378  -21.209509
  -21.355253 ]
 [-20.551283  -20.130878  -20.26234   ... -20.0954    -19.831238
  -20.266014 ]
 [-21.085075  -20.652208  -19.800814  ... -20.042603  -20.128065
  -20.407272 ]
 ...
 [ -6.513405   -5.1765456  -6.614264  ... -19.00797   -20.586111
  -19.998508 ]
 [ -6.505328   -4.7346363  -5.8442936 ... -18.465105  -19.78974
  -19.591244 ]
 [ -6.430073   -5.1783056  -5.856307  ... -15.996184  -16.11377
  -16.249403 ]]","[[-21.738783  -20.03908   -20.4265    ... -21.246378  -21.209509
  -21.355253 ]
 [-20.551283  -20.130878  -20.26234   ... -20.0954    -19.831238
  -20.266014 ]
 [-21.085075  -20.652208  -19.800814  ... -20.042603  -20.128065
  -20.407272 ]
 ...
 [ -7.9142146  -7.338594   -7.967813  ... -18.513563  -20.187414
  -19.878513 ]
 [ -7.2904296  -7.1957283  -8.663086  ... -18.93474   -20.096298
  -19.860523 ]
 [ -9.518088   -9.542202   -8.563713  ... -16.575346  -16.732592
  -16.67583  ]]"
fetch,0.6092500419684013,0.0015155473680806002,fetch,"[[-21.738783  -20.03908   -20.4265    ... -21.246378  -21.209509
  -21.355253 ]
 [-20.551283  -20.130878  -20.26234   ... -20.0954    -19.831238
  -20.266014 ]
 [-21.085075  -20.652208  -19.800814  ... -20.042603  -20.128065
  -20.407272 ]
 ...
 [ -9.578002   -7.869967   -7.364399  ... -18.864801  -20.112337
  -19.81106  ]
 [ -8.391441   -9.055279   -8.608952  ... -18.316189  -20.10402
  -19.68941  ]
 [ -8.136478   -7.9777813  -8.372655  ... -17.583586  -17.879452
  -18.18438  ]]","[[-21.738783  -20.03908   -20.4265    ... -21.246378  -21.209509
  -21.355253 ]
 [-20.551283  -20.130878  -20.26234   ... -20.0954    -19.831238
  -20.266014 ]
 [-21.085075  -20.652208  -19.800814  ... -20.042603  -20.128065
  -20.407272 ]
 ...
 [ -7.9142146  -7.338594   -7.967813  ... -18.513563  -20.187414
  -19.878513 ]
 [ -7.2904296  -7.1957283  -8.663086  ... -18.93474   -20.096298
  -19.860523 ]
 [ -9.518088   -9.542202   -8.563713  ... -16.575346  -16.732592
  -16.67583  ]]"
fetch,0.5289237387477745,0.0013157306934024242,fetch,"[[-21.738783  -20.03908   -20.4265    ... -21.246378  -21.209509
  -21.355253 ]
 [-20.551283  -20.130878  -20.26234   ... -20.0954    -19.831238
  -20.266014 ]
 [-21.085075  -20.652208  -19.800814  ... -20.042603  -20.128065
  -20.407272 ]
 ...
 [ -8.460216   -8.247394   -8.989267  ... -18.520924  -20.092165
  -20.058533 ]
 [ -6.7162886  -7.9227824  -9.621277  ... -17.83102   -20.108477
  -19.985832 ]
 [ -7.4945345  -7.9711356  -9.472414  ... -18.59635   -19.544523
  -19.938978 ]]","[[-21.738783  -20.03908   -20.4265    ... -21.246378  -21.209509
  -21.355253 ]
 [-20.551283  -20.130878  -20.26234   ... -20.0954    -19.831238
  -20.266014 ]
 [-21.085075  -20.652208  -19.800814  ... -20.042603  -20.128065
  -20.407272 ]
 ...
 [ -8.067228   -7.7949705  -7.3964915 ... -17.505697  -20.581318
  -20.087969 ]
 [ -7.3763523  -7.2409697  -7.0359826 ... -17.681602  -20.225363
  -20.131445 ]
 [ -9.354659   -9.007141   -9.094961  ... -17.783203  -19.70448
  -19.861109 ]]"
fetch,0.7157784480890115,0.0017805434032064963,fetch,"[[-21.738783  -20.03908   -20.4265    ... -21.246378  -21.209509
  -21.355253 ]
 [-20.551283  -20.130878  -20.26234   ... -20.0954    -19.831238
  -20.266014 ]
 [-21.085075  -20.652208  -19.800814  ... -20.042603  -20.128065
  -20.407272 ]
 ...
 [ -5.3154116  -5.571794   -6.708135  ... -17.879568  -20.463528
  -19.916878 ]
 [ -6.231669   -5.560114   -6.5222883 ... -17.793608  -19.01986
  -19.021574 ]
 [ -5.655438   -5.2182913  -6.125979  ... -14.667922  -14.746324
  -14.831716 ]]","[[-21.738783  -20.03908   -20.4265    ... -21.246378  -21.209509
  -21.355253 ]
 [-20.551283  -20.130878  -20.26234   ... -20.0954    -19.831238
  -20.266014 ]
 [-21.085075  -20.652208  -19.800814  ... -20.042603  -20.128065
  -20.407272 ]
 ...
 [ -8.106941   -7.2707043  -7.9804697 ... -18.364895  -20.366482
  -20.29968  ]
 [ -8.278816   -7.434401   -7.9573016 ... -18.046295  -20.094364
  -20.097284 ]
 [ -7.5553517  -6.7871757  -7.125001  ... -17.685368  -18.4199
  -18.404215 ]]"
fetch,0.664669870249985,0.0016534076374377738,fetch,"[[-21.738783  -20.03908   -20.4265    ... -21.246378  -21.209509
  -21.355253 ]
 [-20.551283  -20.130878  -20.26234   ... -20.0954    -19.831238
  -20.266014 ]
 [-21.085075  -20.652208  -19.800814  ... -20.042603  -20.128065
  -20.407272 ]
 ...
 [ -6.0502977  -5.71321    -7.9106092 ... -18.28449   -20.301876
  -20.076536 ]
 [ -6.62646    -6.6629086  -7.423577  ... -18.186817  -20.205494
  -20.097738 ]
 [ -6.264703   -6.0978456  -7.284799  ... -18.265312  -18.515867
  -18.865553 ]]","[[-21.738783  -20.03908   -20.4265    ... -21.246378  -21.209509
  -21.355253 ]
 [-20.551283  -20.130878  -20.26234   ... -20.0954    -19.831238
  -20.266014 ]
 [-21.085075  -20.652208  -19.800814  ... -20.042603  -20.128065
  -20.407272 ]
 ...
 [ -8.106941   -7.2707043  -7.9804697 ... -18.364895  -20.366482
  -20.29968  ]
 [ -8.278816   -7.434401   -7.9573016 ... -18.046295  -20.094364
  -20.097284 ]
 [ -7.5553517  -6.7871757  -7.125001  ... -17.685368  -18.4199
  -18.404215 ]]"
fetch,0.638881056763381,0.001589256360107913,fetch,"[[-21.738783  -20.03908   -20.4265    ... -21.246378  -21.209509
  -21.355253 ]
 [-20.551283  -20.130878  -20.26234   ... -20.0954    -19.831238
  -20.266014 ]
 [-21.085075  -20.652208  -19.800814  ... -20.042603  -20.128065
  -20.407272 ]
 ...
 [ -6.9280424  -6.9965324  -7.4767056 ... -18.151289  -20.215857
  -20.056686 ]
 [ -7.7936177  -6.5004525  -6.9789433 ... -18.471552  -19.995663
  -19.76676  ]
 [ -8.99012    -7.346809   -7.494952  ... -18.805859  -20.496727
  -21.00153  ]]","[[-21.738783  -20.03908   -20.4265    ... -21.246378  -21.209509
  -21.355253 ]
 [-20.551283  -20.130878  -20.26234   ... -20.0954    -19.831238
  -20.266014 ]
 [-21.085075  -20.652208  -19.800814  ... -20.042603  -20.128065
  -20.407272 ]
 ...
 [ -8.106941   -7.2707043  -7.9804697 ... -18.364895  -20.366482
  -20.29968  ]
 [ -8.278816   -7.434401   -7.9573016 ... -18.046295  -20.094364
  -20.097284 ]
 [ -7.5553517  -6.7871757  -7.125001  ... -17.685368  -18.4199
  -18.404215 ]]"
lay,0.5742052453532892,0.0014283712570977343,lay,"[[-21.738783  -20.03908   -20.4265    ... -21.246378  -21.209509
  -21.355253 ]
 [-20.551283  -20.130878  -20.26234   ... -20.0954    -19.831238
  -20.266014 ]
 [-21.085075  -20.652208  -19.800814  ... -20.042603  -20.128065
  -20.407272 ]
 ...
 [ -6.0443854  -6.896146   -7.582253  ... -18.3123    -20.181677
  -20.104416 ]
 [ -5.9305005  -6.1822696  -6.360924  ... -18.064003  -19.635979
  -19.509724 ]
 [ -6.747796   -5.8376384  -6.698498  ... -15.727181  -15.949651
  -15.945873 ]]","[[-21.738783  -20.03908   -20.4265    ... -21.246378  -21.209509
  -21.355253 ]
 [-20.551283  -20.130878  -20.26234   ... -20.0954    -19.831238
  -20.266014 ]
 [-21.085075  -20.652208  -19.800814  ... -20.042603  -20.128065
  -20.407272 ]
 ...
 [ -6.693003   -7.4085255  -6.9724455 ... -17.528969  -20.232288
  -20.004692 ]
 [ -5.7240276  -5.9852767  -6.486183  ... -17.42762   -20.025883
  -19.802727 ]
 [ -6.5916176  -7.081021   -8.994633  ... -17.379728  -20.108635
  -21.299835 ]]"
lay,0.7162063746666143,0.0017816078971806327,lay,"[[-21.738783  -20.03908   -20.4265    ... -21.246378  -21.209509
  -21.355253 ]
 [-20.551283  -20.130878  -20.26234   ... -20.0954    -19.831238
  -20.266014 ]
 [-21.085075  -20.652208  -19.800814  ... -20.042603  -20.128065
  -20.407272 ]
 ...
 [ -5.947627   -5.631871   -6.9796643 ... -18.258942  -20.380178
  -19.989561 ]
 [ -5.2725406  -4.779668   -6.0508995 ... -17.897459  -19.549322
  -19.612177 ]
 [ -6.033076   -5.664854   -5.699797  ... -15.782139  -16.021267
  -16.193325 ]]","[[-21.738783  -20.03908   -20.4265    ... -21.246378  -21.209509
  -21.355253 ]
 [-20.551283  -20.130878  -20.26234   ... -20.0954    -19.831238
  -20.266014 ]
 [-21.085075  -20.652208  -19.800814  ... -20.042603  -20.128065
  -20.407272 ]
 ...
 [ -3.8374207  -3.5201924  -6.4417596 ... -17.967968  -20.432714
  -20.447802 ]
 [ -3.93906    -3.4132116  -5.794615  ... -17.775097  -18.70645
  -18.732792 ]
 [ -4.3023396  -4.183463   -5.80277   ... -14.250714  -14.300476
  -14.3255   ]]"
lay,0.6726055673204855,0.001673148177414143,lay,"[[-21.738783  -20.03908   -20.4265    ... -21.246378  -21.209509
  -21.355253 ]
 [-20.551283  -20.130878  -20.26234   ... -20.0954    -19.831238
  -20.266014 ]
 [-21.085075  -20.652208  -19.800814  ... -20.042603  -20.128065
  -20.407272 ]
 ...
 [ -5.924543   -5.4345903  -5.782061  ... -18.524574  -20.481382
  -20.06345  ]
 [ -5.6582847  -4.8816767  -5.834315  ... -18.283863  -19.809313
  -19.791866 ]
 [ -6.776991   -5.6023498  -5.788599  ... -15.874341  -16.207062
  -16.198517 ]]","[[-21.738783  -20.03908   -20.4265    ... -21.246378  -21.209509
  -21.355253 ]
 [-20.551283  -20.130878  -20.26234   ... -20.0954    -19.831238
  -20.266014 ]
 [-21.085075  -20.652208  -19.800814  ... -20.042603  -20.128065
  -20.407272 ]
 ...
 [ -6.3780265  -5.3505116  -6.7917633 ... -17.561924  -20.484291
  -20.167921 ]
 [ -6.360399   -5.8616514  -6.2125387 ... -18.251211  -19.878744
  -19.642796 ]
 [ -6.321604   -6.199992   -6.617506  ... -16.241745  -16.311073
  -16.263542 ]]"
lay,1.0482023834717547,0.0026074686156013797,lay,"[[-21.738783  -20.03908   -20.4265    ... -21.246378  -21.209509
  -21.355253 ]
 [-20.551283  -20.130878  -20.26234   ... -20.0954    -19.831238
  -20.266014 ]
 [-21.085075  -20.652208  -19.800814  ... -20.042603  -20.128065
  -20.407272 ]
 ...
 [ -5.014494   -3.5598688  -4.3483553 ... -17.88012   -20.26506
  -20.119514 ]
 [ -4.9702296  -4.458012   -4.224112  ... -16.866035  -17.21974
  -17.243975 ]
 [ -4.965578   -3.942961   -5.009206  ... -12.509342  -12.5983925
  -12.628945 ]]","[[-21.738783  -20.03908   -20.4265    ... -21.246378  -21.209509
  -21.355253 ]
 [-20.551283  -20.130878  -20.26234   ... -20.0954    -19.831238
  -20.266014 ]
 [-21.085075  -20.652208  -19.800814  ... -20.042603  -20.128065
  -20.407272 ]
 ...
 [ -5.972911   -6.3597894  -6.7888308 ... -17.548248  -20.292137
  -20.151838 ]
 [ -5.419323   -4.760596   -6.447387  ... -18.173834  -19.462475
  -19.475704 ]
 [ -6.3327026  -6.5997744  -6.730766  ... -15.812692  -15.879683
  -16.015285 ]]"
lay,0.6670863406947825,0.0016594187579472201,lay,"[[-21.738783  -20.03908   -20.4265    ... -21.246378  -21.209509
  -21.355253 ]
 [-20.551283  -20.130878  -20.26234   ... -20.0954    -19.831238
  -20.266014 ]
 [-21.085075  -20.652208  -19.800814  ... -20.042603  -20.128065
  -20.407272 ]
 ...
 [ -6.0078473  -5.4687767  -7.559103  ... -17.955591  -20.28761
  -20.230545 ]
 [ -6.615707   -5.1740108  -6.8295016 ... -17.442469  -20.313057
  -20.132399 ]
 [ -7.3394766  -6.5027933  -7.4380608 ... -17.955381  -18.901379
  -18.727753 ]]","[[-21.738783  -20.03908   -20.4265    ... -21.246378  -21.209509
  -21.355253 ]
 [-20.551283  -20.130878  -20.26234   ... -20.0954    -19.831238
  -20.266014 ]
 [-21.085075  -20.652208  -19.800814  ... -20.042603  -20.128065
  -20.407272 ]
 ...
 [ -6.693003   -7.4085255  -6.9724455 ... -17.528969  -20.232288
  -20.004692 ]
 [ -5.7240276  -5.9852767  -6.486183  ... -17.42762   -20.025883
  -19.802727 ]
 [ -6.5916176  -7.081021   -8.994633  ... -17.379728  -20.108635
  -21.299835 ]]"
lay,0.588454280123574,0.001463816617222821,lay,"[[-21.738783  -20.03908   -20.4265    ... -21.246378  -21.209509
  -21.355253 ]
 [-20.551283  -20.130878  -20.26234   ... -20.0954    -19.831238
  -20.266014 ]
 [-21.085075  -20.652208  -19.800814  ... -20.042603  -20.128065
  -20.407272 ]
 ...
 [ -6.6447816  -6.1174545  -7.3508525 ... -17.78559   -20.227972
  -19.907661 ]
 [ -8.177346   -8.199181   -8.1831455 ... -17.948174  -20.327599
  -19.766771 ]
 [ -9.575922   -9.254607   -8.348091  ... -17.354752  -18.087332
  -17.937546 ]]","[[-21.738783  -20.03908   -20.4265    ... -21.246378  -21.209509
  -21.355253 ]
 [-20.551283  -20.130878  -20.26234   ... -20.0954    -19.831238
  -20.266014 ]
 [-21.085075  -20.652208  -19.800814  ... -20.042603  -20.128065
  -20.407272 ]
 ...
 [ -6.693003   -7.4085255  -6.9724455 ... -17.528969  -20.232288
  -20.004692 ]
 [ -5.7240276  -5.9852767  -6.486183  ... -17.42762   -20.025883
  -19.802727 ]
 [ -6.5916176  -7.081021   -8.994633  ... -17.379728  -20.108635
  -21.299835 ]]"
lay,0.6880166950977923,0.0017114843161636624,lay,"[[-21.738783  -20.03908   -20.4265    ... -21.246378  -21.209509
  -21.355253 ]
 [-20.551283  -20.130878  -20.26234   ... -20.0954    -19.831238
  -20.266014 ]
 [-21.085075  -20.652208  -19.800814  ... -20.042603  -20.128065
  -20.407272 ]
 ...
 [ -6.2723327  -5.0984073  -6.7976646 ... -17.728537  -20.028465
  -19.880665 ]
 [ -5.7699466  -6.1047707  -5.711717  ... -17.566761  -20.032505
  -20.115625 ]
 [ -6.479405   -6.0647554  -6.206137  ... -18.106844  -19.980907
  -20.558327 ]]","[[-21.738783  -20.03908   -20.4265    ... -21.246378  -21.209509
  -21.355253 ]
 [-20.551283  -20.130878  -20.26234   ... -20.0954    -19.831238
  -20.266014 ]
 [-21.085075  -20.652208  -19.800814  ... -20.042603  -20.128065
  -20.407272 ]
 ...
 [ -6.443217   -5.743747   -6.0438166 ... -18.10593   -20.454035
  -19.984428 ]
 [ -9.073661   -8.380707   -7.7187696 ... -17.673258  -20.251102
  -19.764215 ]
 [ -7.4275436  -7.1945243  -7.5312514 ... -18.652462  -21.070917
  -20.95171  ]]"
lay,0.6891119248643564,0.0017142087683192943,lay,"[[-21.738783  -20.03908   -20.4265    ... -21.246378  -21.209509
  -21.355253 ]
 [-20.551283  -20.130878  -20.26234   ... -20.0954    -19.831238
  -20.266014 ]
 [-21.085075  -20.652208  -19.800814  ... -20.042603  -20.128065
  -20.407272 ]
 ...
 [ -6.0268793  -5.5084486  -6.3587933 ... -17.598272  -20.279036
  -20.222021 ]
 [ -4.7677584  -4.273473   -6.010774  ... -17.507559  -20.242786
  -19.888786 ]
 [ -7.6077247  -6.824409   -8.438787  ... -17.722202  -18.151117
  -18.358204 ]]","[[-21.738783  -20.03908   -20.4265    ... -21.246378  -21.209509
  -21.355253 ]
 [-20.551283  -20.130878  -20.26234   ... -20.0954    -19.831238
  -20.266014 ]
 [-21.085075  -20.652208  -19.800814  ... -20.042603  -20.128065
  -20.407272 ]
 ...
 [ -6.3780265  -5.3505116  -6.7917633 ... -17.561924  -20.484291
  -20.167921 ]
 [ -6.360399   -5.8616514  -6.2125387 ... -18.251211  -19.878744
  -19.642796 ]
 [ -6.321604   -6.199992   -6.617506  ... -16.241745  -16.311073
  -16.263542 ]]"
lay,0.6310628121124195,0.001569807990329402,lay,"[[-21.738783  -20.03908   -20.4265    ... -21.246378  -21.209509
  -21.355253 ]
 [-20.551283  -20.130878  -20.26234   ... -20.0954    -19.831238
  -20.266014 ]
 [-21.085075  -20.652208  -19.800814  ... -20.042603  -20.128065
  -20.407272 ]
 ...
 [ -8.612823   -7.05309    -7.1967096 ... -18.627237  -20.19066
  -20.045774 ]
 [ -8.674197   -6.2137947  -6.9709725 ... -17.995762  -20.202152
  -19.923012 ]
 [ -7.980452   -7.545094   -8.678306  ... -16.657038  -16.828981
  -16.75759  ]]","[[-21.738783  -20.03908   -20.4265    ... -21.246378  -21.209509
  -21.355253 ]
 [-20.551283  -20.130878  -20.26234   ... -20.0954    -19.831238
  -20.266014 ]
 [-21.085075  -20.652208  -19.800814  ... -20.042603  -20.128065
  -20.407272 ]
 ...
 [ -6.443217   -5.743747   -6.0438166 ... -18.10593   -20.454035
  -19.984428 ]
 [ -9.073661   -8.380707   -7.7187696 ... -17.673258  -20.251102
  -19.764215 ]
 [ -7.4275436  -7.1945243  -7.5312514 ... -18.652462  -21.070917
  -20.95171  ]]"
lay,0.6397926643450879,0.0015915240406594226,lay,"[[-21.738783  -20.03908   -20.4265    ... -21.246378  -21.209509
  -21.355253 ]
 [-20.551283  -20.130878  -20.26234   ... -20.0954    -19.831238
  -20.266014 ]
 [-21.085075  -20.652208  -19.800814  ... -20.042603  -20.128065
  -20.407272 ]
 ...
 [ -7.0877995  -6.6328     -6.952174  ... -17.927277  -20.643864
  -20.0322   ]
 [ -8.368375   -7.6286383  -7.386203  ... -17.390995  -20.065767
  -19.843971 ]
 [ -9.484658   -8.803211   -8.752019  ... -17.369965  -17.533089
  -17.724085 ]]","[[-21.738783  -20.03908   -20.4265    ... -21.246378  -21.209509
  -21.355253 ]
 [-20.551283  -20.130878  -20.26234   ... -20.0954    -19.831238
  -20.266014 ]
 [-21.085075  -20.652208  -19.800814  ... -20.042603  -20.128065
  -20.407272 ]
 ...
 [ -6.443217   -5.743747   -6.0438166 ... -18.10593   -20.454035
  -19.984428 ]
 [ -9.073661   -8.380707   -7.7187696 ... -17.673258  -20.251102
  -19.764215 ]
 [ -7.4275436  -7.1945243  -7.5312514 ... -18.652462  -21.070917
  -20.95171  ]]"
name,0.666964669134442,0.0016591160923742337,name,"[[-21.738783  -20.03908   -20.4265    ... -21.246378  -21.209509
  -21.355253 ]
 [-20.551283  -20.130878  -20.26234   ... -20.0954    -19.831238
  -20.266014 ]
 [-21.085075  -20.652208  -19.800814  ... -20.042603  -20.128065
  -20.407272 ]
 ...
 [ -7.0603533  -7.455307   -9.19425   ... -18.013998  -20.082294
  -20.057789 ]
 [ -7.615166   -8.035991   -9.782983  ... -18.049694  -20.203676
  -19.93     ]
 [ -9.130723   -9.339243   -9.493556  ... -17.992188  -20.076448
  -20.207445 ]]","[[-21.738783  -20.03908   -20.4265    ... -21.246378  -21.209509
  -21.355253 ]
 [-20.551283  -20.130878  -20.26234   ... -20.0954    -19.831238
  -20.266014 ]
 [-21.085075  -20.652208  -19.800814  ... -20.042603  -20.128065
  -20.407272 ]
 ...
 [ -7.421364   -7.030831   -7.5159774 ... -17.74868   -20.372297
  -19.912933 ]
 [ -7.7613244  -7.3150206  -8.045891  ... -18.445953  -19.723707
  -19.80192  ]
 [ -8.563562   -8.357771  -10.034259  ... -16.927303  -17.29095
  -17.46469  ]]"
name,0.6309253424678377,0.0015694660260393972,name,"[[-21.738783  -20.03908   -20.4265    ... -21.246378  -21.209509
  -21.355253 ]
 [-20.551283  -20.130878  -20.26234   ... -20.0954    -19.831238
  -20.266014 ]
 [-21.085075  -20.652208  -19.800814  ... -20.042603  -20.128065
  -20.407272 ]
 ...
 [ -7.2829685  -6.3194404  -6.856393  ... -17.555996  -20.470116
  -19.924917 ]
 [ -6.498919   -6.083668   -6.5976367 ... -17.26828   -19.018208
  -18.89633  ]
 [ -6.5749106  -6.489546   -7.1835804 ... -14.553178  -14.605765
  -14.605762 ]]","[[-21.738783  -20.03908   -20.4265    ... -21.246378  -21.209509
  -21.355253 ]
 [-20.551283  -20.130878  -20.26234   ... -20.0954    -19.831238
  -20.266014 ]
 [-21.085075  -20.652208  -19.800814  ... -20.042603  -20.128065
  -20.407272 ]
 ...
 [ -5.2952814  -6.0299764  -6.8585796 ... -18.183933  -20.12616
  -20.054546 ]
 [ -5.0564303  -5.336056   -7.3122816 ... -18.652298  -20.156675
  -19.903059 ]
 [ -6.278008   -6.0828166  -7.9298453 ... -18.66431   -19.962666
  -20.418282 ]]"
name,0.4790360587107705,0.0011916319868427127,name,"[[-21.738783  -20.03908   -20.4265    ... -21.246378  -21.209509
  -21.355253 ]
 [-20.551283  -20.130878  -20.26234   ... -20.0954    -19.831238
  -20.266014 ]
 [-21.085075  -20.652208  -19.800814  ... -20.042603  -20.128065
  -20.407272 ]
 ...
 [ -5.349311   -4.7173     -6.687714  ... -17.580008  -20.24873
  -20.14388  ]
 [ -6.9318886  -5.5485673  -7.321548  ... -18.025606  -19.488285
  -19.682766 ]
 [ -8.429235   -7.1650333  -6.876124  ... -16.065762  -16.163431
  -16.292784 ]]","[[-21.738783  -20.03908   -20.4265    ... -21.246378  -21.209509
  -21.355253 ]
 [-20.551283  -20.130878  -20.26234   ... -20.0954    -19.831238
  -20.266014 ]
 [-21.085075  -20.652208  -19.800814  ... -20.042603  -20.128065
  -20.407272 ]
 ...
 [ -7.03723    -6.2190747  -7.4792786 ... -18.056135  -20.330542
  -20.122381 ]
 [ -6.531081   -6.8743706  -8.871486  ... -18.265203  -20.32235
  -20.076368 ]
 [ -7.5975337  -7.258253   -7.4194765 ... -18.241737  -20.141834
  -20.199352 ]]"
name,0.6300755583442015,0.0015673521351845807,name,"[[-21.738783  -20.03908   -20.4265    ... -21.246378  -21.209509
  -21.355253 ]
 [-20.551283  -20.130878  -20.26234   ... -20.0954    -19.831238
  -20.266014 ]
 [-21.085075  -20.652208  -19.800814  ... -20.042603  -20.128065
  -20.407272 ]
 ...
 [ -6.9411235  -5.8702426  -7.325666  ... -18.043003  -20.338308
  -19.799652 ]
 [ -5.9139633  -4.9167867  -6.145588  ... -17.611917  -19.755945
  -19.643707 ]
 [ -5.532003   -5.428046   -7.0076213 ... -15.943495  -15.936958
  -16.079039 ]]","[[-21.738783  -20.03908   -20.4265    ... -21.246378  -21.209509
  -21.355253 ]
 [-20.551283  -20.130878  -20.26234   ... -20.0954    -19.831238
  -20.266014 ]
 [-21.085075  -20.652208  -19.800814  ... -20.042603  -20.128065
  -20.407272 ]
 ...
 [ -5.5267153  -5.153135   -7.319165  ... -17.91556   -20.483648
  -20.1346   ]
 [ -6.627743   -6.210421   -6.1092124 ... -18.258587  -20.010435
  -19.869846 ]
 [ -6.5238876  -7.4205956  -7.0690656 ... -19.352888  -20.538399
  -21.030935 ]]"
name,0.5628167728364794,0.0014000417234738293,name,"[[-21.738783  -20.03908   -20.4265    ... -21.246378  -21.209509
  -21.355253 ]
 [-20.551283  -20.130878  -20.26234   ... -20.0954    -19.831238
  -20.266014 ]
 [-21.085075  -20.652208  -19.800814  ... -20.042603  -20.128065
  -20.407272 ]
 ...
 [ -6.22132    -5.4172344  -5.671589  ... -17.629547  -20.110277
  -20.031923 ]
 [ -5.8945675  -4.5566354  -6.3271136 ... -18.357962  -19.670702
  -19.54253  ]
 [ -6.243694   -5.912261   -7.644225  ... -16.044899  -16.173798
  -16.115162 ]]","[[-21.738783  -20.03908   -20.4265    ... -21.246378  -21.209509
  -21.355253 ]
 [-20.551283  -20.130878  -20.26234   ... -20.0954    -19.831238
  -20.266014 ]
 [-21.085075  -20.652208  -19.800814  ... -20.042603  -20.128065
  -20.407272 ]
 ...
 [ -5.2952814  -6.0299764  -6.8585796 ... -18.183933  -20.12616
  -20.054546 ]
 [ -5.0564303  -5.336056   -7.3122816 ... -18.652298  -20.156675
  -19.903059 ]
 [ -6.278008   -6.0828166  -7.9298453 ... -18.66431   -19.962666
  -20.418282 ]]"
name,0.610630742881336,0.00151898194746601,name,"[[-21.738783  -20.03908   -20.4265    ... -21.246378  -21.209509
  -21.355253 ]
 [-20.551283  -20.130878  -20.26234   ... -20.0954    -19.831238
  -20.266014 ]
 [-21.085075  -20.652208  -19.800814  ... -20.042603  -20.128065
  -20.407272 ]
 ...
 [ -6.189333   -7.19335    -8.519031  ... -17.691662  -20.518835
  -20.217434 ]
 [ -5.8675613  -7.046466   -8.072426  ... -17.698196  -19.864489
  -19.779457 ]
 [ -6.4817257  -7.4532876  -9.055795  ... -18.174412  -20.092997
  -19.728249 ]]","[[-21.738783  -20.03908   -20.4265    ... -21.246378  -21.209509
  -21.355253 ]
 [-20.551283  -20.130878  -20.26234   ... -20.0954    -19.831238
  -20.266014 ]
 [-21.085075  -20.652208  -19.800814  ... -20.042603  -20.128065
  -20.407272 ]
 ...
 [ -5.5267153  -5.153135   -7.319165  ... -17.91556   -20.483648
  -20.1346   ]
 [ -6.627743   -6.210421   -6.1092124 ... -18.258587  -20.010435
  -19.869846 ]
 [ -6.5238876  -7.4205956  -7.0690656 ... -19.352888  -20.538399
  -21.030935 ]]"
name,0.5391450430336612,0.0013411568234668189,name,"[[-21.738783  -20.03908   -20.4265    ... -21.246378  -21.209509
  -21.355253 ]
 [-20.551283  -20.130878  -20.26234   ... -20.0954    -19.831238
  -20.266014 ]
 [-21.085075  -20.652208  -19.800814  ... -20.042603  -20.128065
  -20.407272 ]
 ...
 [ -6.4138875  -6.5026197  -8.579308  ... -17.553951  -20.449883
  -20.295174 ]
 [ -5.8168607  -5.672577   -7.638751  ... -18.078064  -19.999619
  -19.863178 ]
 [ -8.939994   -7.5442348  -8.190886  ... -16.64481   -16.872454
  -17.013567 ]]","[[-21.738783  -20.03908   -20.4265    ... -21.246378  -21.209509
  -21.355253 ]
 [-20.551283  -20.130878  -20.26234   ... -20.0954    -19.831238
  -20.266014 ]
 [-21.085075  -20.652208  -19.800814  ... -20.042603  -20.128065
  -20.407272 ]
 ...
 [ -5.2952814  -6.0299764  -6.8585796 ... -18.183933  -20.12616
  -20.054546 ]
 [ -5.0564303  -5.336056   -7.3122816 ... -18.652298  -20.156675
  -19.903059 ]
 [ -6.278008   -6.0828166  -7.9298453 ... -18.66431   -19.962666
  -20.418282 ]]"
name,0.4580081652829546,0.0011393237942362055,sit,"[[-21.738783  -20.03908   -20.4265    ... -21.246378  -21.209509
  -21.355253 ]
 [-20.551283  -20.130878  -20.26234   ... -20.0954    -19.831238
  -20.266014 ]
 [-21.085075  -20.652208  -19.800814  ... -20.042603  -20.128065
  -20.407272 ]
 ...
 [ -6.069584   -5.847498   -6.909342  ... -17.823603  -20.413187
  -20.175577 ]
 [ -5.6532583  -5.068625   -7.2091217 ... -17.622309  -20.32782
  -19.993975 ]
 [ -7.7243934  -8.444544   -8.654803  ... -17.03716   -17.728441
  -18.035164 ]]","[[-21.738783  -20.03908   -20.4265    ... -21.246378  -21.209509
  -21.355253 ]
 [-20.551283  -20.130878  -20.26234   ... -20.0954    -19.831238
  -20.266014 ]
 [-21.085075  -20.652208  -19.800814  ... -20.042603  -20.128065
  -20.407272 ]
 ...
 [ -8.100165   -8.2548485  -8.321317  ... -17.790247  -20.266163
  -19.95709  ]
 [ -9.207951   -7.345817   -7.6037474 ... -18.204906  -19.892658
  -19.917805 ]
 [ -8.483879   -8.129559   -9.625862  ... -17.028875  -17.163408
  -17.416185 ]]"
name,0.6343436766615306,0.0015779693449291805,name,"[[-21.738783  -20.03908   -20.4265    ... -21.246378  -21.209509
  -21.355253 ]
 [-20.551283  -20.130878  -20.26234   ... -20.0954    -19.831238
  -20.266014 ]
 [-21.085075  -20.652208  -19.800814  ... -20.042603  -20.128065
  -20.407272 ]
 ...
 [ -6.8332233  -6.758064   -7.488747  ... -18.102686  -20.247381
  -20.14184  ]
 [ -5.6851506  -5.388263   -7.157838  ... -17.78048   -19.942793
  -19.839584 ]
 [ -7.1415243  -6.1947894  -7.380702  ... -16.886034  -17.312143
  -17.550026 ]]","[[-21.738783  -20.03908   -20.4265    ... -21.246378  -21.209509
  -21.355253 ]
 [-20.551283  -20.130878  -20.26234   ... -20.0954    -19.831238
  -20.266014 ]
 [-21.085075  -20.652208  -19.800814  ... -20.042603  -20.128065
  -20.407272 ]
 ...
 [ -5.2952814  -6.0299764  -6.8585796 ... -18.183933  -20.12616
  -20.054546 ]
 [ -5.0564303  -5.336056   -7.3122816 ... -18.652298  -20.156675
  -19.903059 ]
 [ -6.278008   -6.0828166  -7.9298453 ... -18.66431   -19.962666
  -20.418282 ]]"
name,0.6040596984584338,0.0015026360658169993,name,"[[-21.738783  -20.03908   -20.4265    ... -21.246378  -21.209509
  -21.355253 ]
 [-20.551283  -20.130878  -20.26234   ... -20.0954    -19.831238
  -20.266014 ]
 [-21.085075  -20.652208  -19.800814  ... -20.042603  -20.128065
  -20.407272 ]
 ...
 [ -8.523383   -8.468178   -9.196814  ... -18.478277  -20.166237
  -20.05711  ]
 [ -6.893085   -7.2943616  -8.199546  ... -18.194246  -19.871906
  -20.015438 ]
 [ -8.235145   -7.9145885  -8.552171  ... -17.983006  -19.504337
  -19.561726 ]]","[[-21.738783  -20.03908   -20.4265    ... -21.246378  -21.209509
  -21.355253 ]
 [-20.551283  -20.130878  -20.26234   ... -20.0954    -19.831238
  -20.266014 ]
 [-21.085075  -20.652208  -19.800814  ... -20.042603  -20.128065
  -20.407272 ]
 ...
 [ -5.2952814  -6.0299764  -6.8585796 ... -18.183933  -20.12616
  -20.054546 ]
 [ -5.0564303  -5.336056   -7.3122816 ... -18.652298  -20.156675
  -19.903059 ]
 [ -6.278008   -6.0828166  -7.9298453 ... -18.66431   -19.962666
  -20.418282 ]]"
sit,0.6488685219632083,0.0016141008009035033,sit,"[[-21.738783  -20.03908   -20.4265    ... -21.246378  -21.209509
  -21.355253 ]
 [-20.551283  -20.130878  -20.26234   ... -20.0954    -19.831238
  -20.266014 ]
 [-21.085075  -20.652208  -19.800814  ... -20.042603  -20.128065
  -20.407272 ]
 ...
 [ -4.6715736  -5.3821974  -6.7228637 ... -18.753202  -20.377949
  -20.37219  ]
 [ -5.500568   -5.6285486  -6.7438445 ... -18.273342  -20.085787
  -19.892149 ]
 [ -6.727116   -6.0280614  -6.7098713 ... -17.801306  -18.03422
  -18.189947 ]]","[[-21.738783  -20.03908   -20.4265    ... -21.246378  -21.209509
  -21.355253 ]
 [-20.551283  -20.130878  -20.26234   ... -20.0954    -19.831238
  -20.266014 ]
 [-21.085075  -20.652208  -19.800814  ... -20.042603  -20.128065
  -20.407272 ]
 ...
 [ -5.870288   -6.1982913  -7.1690354 ... -17.877571  -20.203938
  -20.157888 ]
 [ -6.3750324  -6.410615   -7.5465627 ... -18.76047   -20.048231
  -20.232124 ]
 [ -8.741532   -7.506949   -8.104131  ... -18.533653  -20.119272
  -20.818382 ]]"
sit,0.8773776589185716,0.002182531489847193,sit,"[[-21.738783  -20.03908   -20.4265    ... -21.246378  -21.209509
  -21.355253 ]
 [-20.551283  -20.130878  -20.26234   ... -20.0954    -19.831238
  -20.266014 ]
 [-21.085075  -20.652208  -19.800814  ... -20.042603  -20.128065
  -20.407272 ]
 ...
 [ -3.9915056  -3.2403803  -4.403257  ... -18.597752  -20.26573
  -19.902304 ]
 [ -4.2768884  -3.8283439  -5.1876197 ... -18.452127  -19.421574
  -19.299137 ]
 [ -3.962175   -3.7016737  -4.2946653 ... -15.104164  -15.19227
  -15.296876 ]]","[[-21.738783  -20.03908   -20.4265    ... -21.246378  -21.209509
  -21.355253 ]
 [-20.551283  -20.130878  -20.26234   ... -20.0954    -19.831238
  -20.266014 ]
 [-21.085075  -20.652208  -19.800814  ... -20.042603  -20.128065
  -20.407272 ]
 ...
 [ -5.2207437  -5.267246   -6.6526275 ... -18.210243  -20.336157
  -19.911844 ]
 [ -5.2519956  -6.1058407  -7.683494  ... -17.845781  -20.047659
  -20.136654 ]
 [ -6.0548635  -6.913839   -8.158587  ... -17.969173  -20.120182
  -21.193562 ]]"
sit,0.6852932595913934,0.0017047096009736155,sit,"[[-21.738783  -20.03908   -20.4265    ... -21.246378  -21.209509
  -21.355253 ]
 [-20.551283  -20.130878  -20.26234   ... -20.0954    -19.831238
  -20.266014 ]
 [-21.085075  -20.652208  -19.800814  ... -20.042603  -20.128065
  -20.407272 ]
 ...
 [ -6.771222   -4.583871   -5.575453  ... -18.300726  -20.364138
  -20.271856 ]
 [ -6.8970704  -4.6257834  -5.0943894 ... -18.32858   -19.91751
  -19.875286 ]
 [ -7.0693583  -5.8478136  -6.501903  ... -17.472748  -17.597088
  -17.837925 ]]","[[-21.738783  -20.03908   -20.4265    ... -21.246378  -21.209509
  -21.355253 ]
 [-20.551283  -20.130878  -20.26234   ... -20.0954    -19.831238
  -20.266014 ]
 [-21.085075  -20.652208  -19.800814  ... -20.042603  -20.128065
  -20.407272 ]
 ...
 [ -6.6525283  -6.070931   -8.028218  ... -18.482883  -20.479137
  -20.313335 ]
 [ -6.840312   -6.2000246  -7.8572574 ... -18.720264  -19.92503
  -19.77086  ]
 [ -6.371221   -6.49471    -7.24927   ... -17.214302  -17.332104
  -17.097633 ]]"
sit,0.779834260675705,0.001939886220586331,sit,"[[-21.738783  -20.03908   -20.4265    ... -21.246378  -21.209509
  -21.355253 ]
 [-20.551283  -20.130878  -20.26234   ... -20.0954    -19.831238
  -20.266014 ]
 [-21.085075  -20.652208  -19.800814  ... -20.042603  -20.128065
  -20.407272 ]
 ...
 [ -4.5666137  -3.6268208  -4.986297  ... -18.155891  -20.240398
  -20.06026  ]
 [ -5.8738484  -5.243882   -5.477791  ... -17.992655  -19.187244
  -19.34916  ]
 [ -6.3243175  -5.5242705  -6.2031393 ... -15.142937  -15.311677
  -15.32724  ]]","[[-21.738783  -20.03908   -20.4265    ... -21.246378  -21.209509
  -21.355253 ]
 [-20.551283  -20.130878  -20.26234   ... -20.0954    -19.831238
  -20.266014 ]
 [-21.085075  -20.652208  -19.800814  ... -20.042603  -20.128065
  -20.407272 ]
 ...
 [ -6.6525283  -6.070931   -8.028218  ... -18.482883  -20.479137
  -20.313335 ]
 [ -6.840312   -6.2000246  -7.8572574 ... -18.720264  -19.92503
  -19.77086  ]
 [ -6.371221   -6.49471    -7.24927   ... -17.214302  -17.332104
  -17.097633 ]]"
sit,0.7494491614119059,0.0018643013965470294,sit,"[[-21.738783  -20.03908   -20.4265    ... -21.246378  -21.209509
  -21.355253 ]
 [-20.551283  -20.130878  -20.26234   ... -20.0954    -19.831238
  -20.266014 ]
 [-21.085075  -20.652208  -19.800814  ... -20.042603  -20.128065
  -20.407272 ]
 ...
 [ -5.8661404  -5.9701753  -6.768724  ... -18.208336  -20.272615
  -19.983479 ]
 [ -6.5925593  -6.5668144  -6.501277  ... -17.79797   -19.652061
  -19.589973 ]
 [ -6.534467   -6.4565406  -8.067041  ... -15.782412  -15.786738
  -15.9009285]]","[[-21.738783  -20.03908   -20.4265    ... -21.246378  -21.209509
  -21.355253 ]
 [-20.551283  -20.130878  -20.26234   ... -20.0954    -19.831238
  -20.266014 ]
 [-21.085075  -20.652208  -19.800814  ... -20.042603  -20.128065
  -20.407272 ]
 ...
 [ -5.2207437  -5.267246   -6.6526275 ... -18.210243  -20.336157
  -19.911844 ]
 [ -5.2519956  -6.1058407  -7.683494  ... -17.845781  -20.047659
  -20.136654 ]
 [ -6.0548635  -6.913839   -8.158587  ... -17.969173  -20.120182
  -21.193562 ]]"
sit,0.6713378497617715,0.0016699946511486853,sit,"[[-21.738783  -20.03908   -20.4265    ... -21.246378  -21.209509
  -21.355253 ]
 [-20.551283  -20.130878  -20.26234   ... -20.0954    -19.831238
  -20.266014 ]
 [-21.085075  -20.652208  -19.800814  ... -20.042603  -20.128065
  -20.407272 ]
 ...
 [ -8.3668165  -7.601022   -8.405832  ... -17.57645   -20.208435
  -20.248919 ]
 [ -6.233469   -5.4532557  -6.921554  ... -18.289307  -19.67332
  -19.728556 ]
 [ -8.05031    -7.724647   -6.6535296 ... -16.24373   -16.300694
  -16.46615  ]]","[[-21.738783  -20.03908   -20.4265    ... -21.246378  -21.209509
  -21.355253 ]
 [-20.551283  -20.130878  -20.26234   ... -20.0954    -19.831238
  -20.266014 ]
 [-21.085075  -20.652208  -19.800814  ... -20.042603  -20.128065
  -20.407272 ]
 ...
 [ -5.2207437  -5.267246   -6.6526275 ... -18.210243  -20.336157
  -19.911844 ]
 [ -5.2519956  -6.1058407  -7.683494  ... -17.845781  -20.047659
  -20.136654 ]
 [ -6.0548635  -6.913839   -8.158587  ... -17.969173  -20.120182
  -21.193562 ]]"
sit,0.6145380646765995,0.001528701653424377,sit,"[[-21.738783  -20.03908   -20.4265    ... -21.246378  -21.209509
  -21.355253 ]
 [-20.551283  -20.130878  -20.26234   ... -20.0954    -19.831238
  -20.266014 ]
 [-21.085075  -20.652208  -19.800814  ... -20.042603  -20.128065
  -20.407272 ]
 ...
 [ -5.6037083  -5.705728   -7.4631295 ... -18.415604  -20.056541
  -20.051111 ]
 [ -8.329322   -6.9733586  -7.608896  ... -17.99089   -19.324158
  -19.397114 ]
 [ -9.82118    -8.43519    -8.114153  ... -15.263595  -15.351576
  -15.477681 ]]","[[-21.738783  -20.03908   -20.4265    ... -21.246378  -21.209509
  -21.355253 ]
 [-20.551283  -20.130878  -20.26234   ... -20.0954    -19.831238
  -20.266014 ]
 [-21.085075  -20.652208  -19.800814  ... -20.042603  -20.128065
  -20.407272 ]
 ...
 [ -6.792442   -5.724299   -6.0642543 ... -18.804846  -20.448263
  -20.082922 ]
 [ -7.3387794  -6.576899   -6.8072796 ... -18.130938  -19.811893
  -19.773626 ]
 [ -8.173172   -6.748005   -7.2756004 ... -16.693289  -16.967573
  -17.111855 ]]"
sit,0.7378359178904283,0.0018354127310707172,sit,"[[-21.738783  -20.03908   -20.4265    ... -21.246378  -21.209509
  -21.355253 ]
 [-20.551283  -20.130878  -20.26234   ... -20.0954    -19.831238
  -20.266014 ]
 [-21.085075  -20.652208  -19.800814  ... -20.042603  -20.128065
  -20.407272 ]
 ...
 [ -6.808101   -7.2144294  -7.8516498 ... -18.528711  -20.06442
  -19.785189 ]
 [ -5.6916714  -6.2403646  -7.40334   ... -18.103119  -19.741524
  -19.664265 ]
 [ -6.3287797  -6.8946514  -6.789261  ... -18.494257  -19.400707
  -19.11658  ]]","[[-21.738783  -20.03908   -20.4265    ... -21.246378  -21.209509
  -21.355253 ]
 [-20.551283  -20.130878  -20.26234   ... -20.0954    -19.831238
  -20.266014 ]
 [-21.085075  -20.652208  -19.800814  ... -20.042603  -20.128065
  -20.407272 ]
 ...
 [ -5.2207437  -5.267246   -6.6526275 ... -18.210243  -20.336157
  -19.911844 ]
 [ -5.2519956  -6.1058407  -7.683494  ... -17.845781  -20.047659
  -20.136654 ]
 [ -6.0548635  -6.913839   -8.158587  ... -17.969173  -20.120182
  -21.193562 ]]"
sit,0.7173297049336907,0.0017844022510788327,sit,"[[-21.738783  -20.03908   -20.4265    ... -21.246378  -21.209509
  -21.355253 ]
 [-20.551283  -20.130878  -20.26234   ... -20.0954    -19.831238
  -20.266014 ]
 [-21.085075  -20.652208  -19.800814  ... -20.042603  -20.128065
  -20.407272 ]
 ...
 [ -7.7759175  -6.889613   -6.550312  ... -17.52545   -20.117865
  -19.999369 ]
 [ -7.7581825  -7.7203903  -6.803015  ... -18.062471  -20.133148
  -19.679506 ]
 [ -7.0103235  -6.902379   -8.202053  ... -17.00294   -17.222757
  -17.313042 ]]","[[-21.738783  -20.03908   -20.4265    ... -21.246378  -21.209509
  -21.355253 ]
 [-20.551283  -20.130878  -20.26234   ... -20.0954    -19.831238
  -20.266014 ]
 [-21.085075  -20.652208  -19.800814  ... -20.042603  -20.128065
  -20.407272 ]
 ...
 [ -5.870288   -6.1982913  -7.1690354 ... -17.877571  -20.203938
  -20.157888 ]
 [ -6.3750324  -6.410615   -7.5465627 ... -18.76047   -20.048231
  -20.232124 ]
 [ -8.741532   -7.506949   -8.104131  ... -18.533653  -20.119272
  -20.818382 ]]"
sit,0.6473192654777007,0.0016102469290490066,sit,"[[-21.738783  -20.03908   -20.4265    ... -21.246378  -21.209509
  -21.355253 ]
 [-20.551283  -20.130878  -20.26234   ... -20.0954    -19.831238
  -20.266014 ]
 [-21.085075  -20.652208  -19.800814  ... -20.042603  -20.128065
  -20.407272 ]
 ...
 [ -7.3538046  -7.7073097  -8.741252  ... -17.596031  -20.393604
  -19.925886 ]
 [ -8.077608   -8.304213   -7.8741345 ... -18.100567  -19.995293
  -19.86056  ]
 [ -7.8104944  -7.234207   -7.1267014 ... -17.138329  -17.413662
  -17.663193 ]]","[[-21.738783  -20.03908   -20.4265    ... -21.246378  -21.209509
  -21.355253 ]
 [-20.551283  -20.130878  -20.26234   ... -20.0954    -19.831238
  -20.266014 ]
 [-21.085075  -20.652208  -19.800814  ... -20.042603  -20.128065
  -20.407272 ]
 ...
 [ -6.6525283  -6.070931   -8.028218  ... -18.482883  -20.479137
  -20.313335 ]
 [ -6.840312   -6.2000246  -7.8572574 ... -18.720264  -19.92503
  -19.77086  ]
 [ -6.371221   -6.49471    -7.24927   ... -17.214302  -17.332104
  -17.097633 ]]"
